"7,847"	TGGAAGGGGCATGCAGAGGAG					
"3,807"	TTTGGATTGAAGGGAGCTCTG					
"3,807"	TTTGGATTGAAGGGAGCTCTG					
"1,555"	TGGAGAAGCAGGGCACGTGCA					
"1,555"	TGGAGAAGCAGGGCACGTGCA					
"1,555"	TGGAGAAGCAGGGCACGTGCA					
"1,075"	TTGAGTGCAGCGTTGATGAAC					
"1,075"	TTGAGTGCAGCGTTGATGAAC					
"1,058"	TGAAGCTGCCAGCATGATCTA					
"1,058"	TGAAGCTGCCAGCATGATCTA					
"1,058"	TGAAGCTGCCAGCATGATCTA					
977	TCGCTTGGTGCAGATCGGGAC					
890	AGAATCTTGATGATGCTGCAT					
890	AGAATCTTGATGATGCTGCAT					
760	TGAAGCTGCCAGCATGATCTG					
760	TGAAGCTGCCAGCATGATCTG					
760	TGAAGCTGCCAGCATGATCTG					
760	TGAAGCTGCCAGCATGATCTG					
760	TGAAGCTGCCAGCATGATCTG					
760	TGAAGCTGCCAGCATGATCTG					
760	TGAAGCTGCCAGCATGATCTG					
608	TCCACAGGCTTTCTTGAACTG					
608	TCCACAGGCTTTCTTGAACTG					
608	TCCACAGGCTTTCTTGAACTG					
336	TTCCACAGCTTTCTTGAACTT					
290	AAGCGTGCTCACGGAAAACGAGGG					
255	TCGGACCAGGCTTCATTCCCC					
255	TCGGACCAGGCTTCATTCCCC					
255	TCGGACCAGGCTTCATTCCCC					
255	TCGGACCAGGCTTCATTCCCC					
255	TCGGACCAGGCTTCATTCCCC					
255	TCGGACCAGGCTTCATTCCCC					
153	TTCCACAGCTTTCTTGAACTG					
153	TTCCACAGCTTTCTTGAACTG					
124	TGTGTTCTCAGGTCGCCCCTG					
120	TCGATAAACCTCTGCATCCAG					
108	AGGTGCAGAGGCAGATGCAAC					
106	CTGCACTGCCTCTTCCCTGGC					
103	TGATTGAGCCGTGCCAATATC					
103	TGATTGAGCCGTGCCAATATC					
103	TGATTGAGCCGTGCCAATATC					
103	TGATTGAGCCGTGCCAATATC					
103	TGATTGAGCCGTGCCAATATC					
91	CAGCCAAGGATGACTTGCCGA					
88	TCGGACCAGGCTTCATTCCTC					
88	TCGGACCAGGCTTCATTCCTC					
87	TGACAGAAGAGAGTGAGCAC					
87	TGACAGAAGAGAGTGAGCAC					
87	TGACAGAAGAGAGTGAGCAC					
87	TGACAGAAGAGAGTGAGCAC					
87	TGACAGAAGAGAGTGAGCAC					
87	TGACAGAAGAGAGTGAGCAC					
87	TGACAGAAGAGAGTGAGCAC					
87	TGACAGAAGAGAGTGAGCAC					
87	TGACAGAAGAGAGTGAGCAC					
87	TGACAGAAGAGAGTGAGCAC					
76	TGTTGTCTCAAGCTTGCTGCC					
76	TGTTGTCTCAAGCTTGCTGCC					
70	TGGAGAAGCAGGGCACGTGCT					
62	TGCAGTTGTTGTCTCAAGCTT					
62	TGCAGTTGTTGTCTCAAGCTT					
59	AATGTATGACGCTGTTGACTTTTA					
48	TAGGATTCAATCCTTGCTGCT					
47	AAGCTCAGGAGGGATAGCGCC					
41	TAGCCAAGGATGACTTGCCTG					
41	TAGCCAAGGATGACTTGCCTG					
41	TAGCCAAGGATGACTTGCCTG					
41	TAGCCAAGGATGACTTGCCTG					
41	TAGCCAAGGATGACTTGCCTG					
41	TAGCCAAGGATGACTTGCCTG					
36	GAACTGCCTTAAGGAAGTCGATGCT					
36	GAACTGCCTTAAGGAAGTCGATGCT					
36	GAACTGCCTTAAGGAAGTCGATGCT					
32	ATAAGTGGGTTTGTGGGCTGGCCC					
25	ATGGCTCTGATATCATGTTGGTTT					
24	GATCCCGCCTTGCACCAAGTGAAT					
22	TGATTGAGCCGCGCCAATATC					
19	ACTAGGTTTGTTTATTTTGGGACG					
19	AGCTCTGATACCATGTTAGATTAG					
19	TCATTGAGTGCAGCGTTGATG					
14	TCGATAAGCCTCTGCATCCAG					
14	TCGGCCTCGTGGATGGACCAGGAG					
14	TCGGCCTCGTGGATGGACCAGGAG					
14	TCGGCCTCGTGGATGGACCAGGAG					
13	TGGAGAAGCAGGGTACGTGCA					
12	TCCAAAGGGATCGCATTGATC					
12	TCCAAAGGGATCGCATTGATC					
12	CCCGCCTTGCACCAAGTGAAT					
10	TGGAAAGTTGGGAGATTGGGG					
10	CAGCCAAGGATGACTTGCCGG					
10	CAGCCAAGGATGACTTGCCGG					
