"19,078"	TGGAAGGGGCATGCAGAGGAG					
"5,141"	TTTGGATTGAAGGGAGCTCTG					
"5,141"	TTTGGATTGAAGGGAGCTCTG					
"4,784"	TCGCTTGGTGCAGATCGGGAC					
"2,573"	TCCACAGGCTTTCTTGAACTG					
"2,573"	TCCACAGGCTTTCTTGAACTG					
"2,573"	TCCACAGGCTTTCTTGAACTG					
"2,142"	TTGAGTGCAGCGTTGATGAAC					
"2,142"	TTGAGTGCAGCGTTGATGAAC					
482	TTCCACAGCTTTCTTGAACTT					
417	TGTGTTCTCAGGTCGCCCCTG					
381	TCGGACCAGGCTTCATTCCCC					
381	TCGGACCAGGCTTCATTCCCC					
381	TCGGACCAGGCTTCATTCCCC					
381	TCGGACCAGGCTTCATTCCCC					
381	TCGGACCAGGCTTCATTCCCC					
381	TCGGACCAGGCTTCATTCCCC					
190	CAGCCAAGGATGACTTGCCGG					
190	CAGCCAAGGATGACTTGCCGG					
186	AATGTATGACGCTGTTGACTTTTA					
166	TGCAGTTGTTGTCTCAAGCTT					
166	TGCAGTTGTTGTCTCAAGCTT					
141	TCAGTGCAATCCCTTTGGAAT					
119	AAGCGTGCTCACGGAAAACGAGGG					
112	AGCTCTGATACCATGTTAGATTAG					
99	TGGAGAAGCAGGGCACGTGCA					
99	TGGAGAAGCAGGGCACGTGCA					
99	TGGAGAAGCAGGGCACGTGCA					
99	TGGAAAGTTGGGAGATTGGGG					
90	TGACAGAAGAGAGTGAGCAC					
90	TGACAGAAGAGAGTGAGCAC					
90	TGACAGAAGAGAGTGAGCAC					
90	TGACAGAAGAGAGTGAGCAC					
90	TGACAGAAGAGAGTGAGCAC					
90	TGACAGAAGAGAGTGAGCAC					
90	TGACAGAAGAGAGTGAGCAC					
90	TGACAGAAGAGAGTGAGCAC					
90	TGACAGAAGAGAGTGAGCAC					
90	TGACAGAAGAGAGTGAGCAC					
88	TCGGACCAGGCTTCATTCCTC					
88	TCGGACCAGGCTTCATTCCTC					
84	TGACAACGAGAGAGAGCACGC					
77	TCCAAAGGGATCGCATTGATC					
77	TCCAAAGGGATCGCATTGATC					
65	TGAAGTGTTTGGGGGAACTC					
65	TGAAGTGTTTGGGGGAACTC					
65	TGAAGTGTTTGGGGGAACTC					
65	TGAAGTGTTTGGGGGAACTC					
65	TGAAGTGTTTGGGGGAACTC					
65	TGAAGTGTTTGGGGGAACTC					
65	TGAAGTGTTTGGGGGAACTC					
65	TGAAGTGTTTGGGGGAACTC					
65	TGAAGTGTTTGGGGGAACTC					
65	TGAAGTGTTTGGGGGAACTC					
65	TGAAGTGTTTGGGGGAACTC					
65	TGAAGTGTTTGGGGGAACTC					
65	TGAAGTGTTTGGGGGAACTC					
65	TGAAGTGTTTGGGGGAACTC					
65	TGAAGTGTTTGGGGGAACTC					
61	TGTTGTCTCAAGCTTGCTGCC					
61	TGTTGTCTCAAGCTTGCTGCC					
57	TGAAGCTGCCAGCATGATCTA					
57	TGAAGCTGCCAGCATGATCTA					
57	TGAAGCTGCCAGCATGATCTA					
50	TTTTTTTTCTAGGACAGAGGGAGT					
47	AGAATCTTGATGATGCTGCAT					
47	AGAATCTTGATGATGCTGCAT					
45	ATAAGTGGGTTTGTGGGCTGGCCC					
40	CTGCACTGCCTCTTCCCTGGC					
40	AGGTGCAGAGGCAGATGCAAC					
38	TCGATAAACCTCTGCATCCAG					
37	CCCGCCTTGCACCAAGTGAAT					
37	TTCCACAGCTTTCTTGAACTG					
37	TTCCACAGCTTTCTTGAACTG					
36	ATGGCTCTGATATCATGTTGGTTT					
34	CAGCCAAGGATGACTTGCCGA					
29	TTATCCGGTATTGGAGTTGA					
28	AAAGTTAGAGAAGTTTGACTTAGG					
26	TGATTGAGCCGTGCCAATATC					
26	TGATTGAGCCGTGCCAATATC					
26	TGATTGAGCCGTGCCAATATC					
26	TGATTGAGCCGTGCCAATATC					
26	TGATTGAGCCGTGCCAATATC					
24	TGAAGCTGCCAGCATGATCTG					
24	TGAAGCTGCCAGCATGATCTG					
24	TGAAGCTGCCAGCATGATCTG					
24	TGAAGCTGCCAGCATGATCTG					
24	TGAAGCTGCCAGCATGATCTG					
24	TGAAGCTGCCAGCATGATCTG					
24	TGAAGCTGCCAGCATGATCTG					
23	TCGGCCTCGTGGATGGACCAGGAG					
23	TCGGCCTCGTGGATGGACCAGGAG					
23	TCGGCCTCGTGGATGGACCAGGAG					
22	ACTAGGTTTGTTTATTTTGGGACG					
22	TCGGACCAGGCTTCAATCCCT					
22	TCGGACCAGGCTTCAATCCCT					
22	TAGGATTCAATCCTTGCTGCT					
21	GAACTGCCTTAAGGAAGTCGATGCT					
21	GAACTGCCTTAAGGAAGTCGATGCT					
21	GAACTGCCTTAAGGAAGTCGATGCT					
19	TGGAACGGAGGAATTTTATAG					
19	TAGCCAAGGATGACTTGCCTA					
19	TAGCCAAGGATGACTTGCCTA					
15	AGAAGTTTGACTTAGGACAAAACT					
15	TGTAAAATTCATTCGTTCCAA					
14	CGGTCTTGTGGCAAGAACTGAG					
14	CGGTCTTGTGGCAAGAACTGAG					
14	CGGTCTTGTGGCAAGAACTGAG					
13	TCATTGAGTGCAGCGTTGATG					
13	TTGTGGCTTTCTTGCAAGTTG					
11	TAGCCAAGAATGACTTGCCTA					
11	TAGCCAAGAATGACTTGCCTA					
10	GTGGAACCTTGTTAAGGTCGGAAC					
10	GTGGAACCTTGTTAAGGTCGGAAC					
10	TAGCCAAGGATGACTTGCCTG					
10	TAGCCAAGGATGACTTGCCTG					
10	TAGCCAAGGATGACTTGCCTG					
10	TAGCCAAGGATGACTTGCCTG					
10	TAGCCAAGGATGACTTGCCTG					
10	TAGCCAAGGATGACTTGCCTG					
10	GTTGCACGGGTTTGTATGTTGCAG					
10	GGAACCTTGTTAAGGTCGGAAC					
10	GGAACCTTGTTAAGGTCGGAAC					
10	TGCCAAAGGAGAGTTGCCCTG					
