"9,134"	TTTGGATTGAAGGGAGCTCTG					
"9,134"	TTTGGATTGAAGGGAGCTCTG					
"4,852"	TCCACAGGCTTTCTTGAACTG					
"4,852"	TCCACAGGCTTTCTTGAACTG					
"4,852"	TCCACAGGCTTTCTTGAACTG					
"2,220"	TGGAAGGGGCATGCAGAGGAG					
"1,750"	TCGCTTGGTGCAGATCGGGAC					
871	TTGAGTGCAGCGTTGATGAAC					
871	TTGAGTGCAGCGTTGATGAAC					
818	TGAAGCTGCCAGCATGATCTA					
818	TGAAGCTGCCAGCATGATCTA					
818	TGAAGCTGCCAGCATGATCTA					
778	TCGGACCAGGCTTCATTCCCC					
778	TCGGACCAGGCTTCATTCCCC					
778	TCGGACCAGGCTTCATTCCCC					
778	TCGGACCAGGCTTCATTCCCC					
778	TCGGACCAGGCTTCATTCCCC					
778	TCGGACCAGGCTTCATTCCCC					
541	TTCCACAGCTTTCTTGAACTT					
540	TGGAGAAGCAGGGCACGTGCA					
540	TGGAGAAGCAGGGCACGTGCA					
540	TGGAGAAGCAGGGCACGTGCA					
528	AGAATCTTGATGATGCTGCAT					
528	AGAATCTTGATGATGCTGCAT					
364	TGAAGCTGCCAGCATGATCTG					
364	TGAAGCTGCCAGCATGATCTG					
364	TGAAGCTGCCAGCATGATCTG					
364	TGAAGCTGCCAGCATGATCTG					
364	TGAAGCTGCCAGCATGATCTG					
364	TGAAGCTGCCAGCATGATCTG					
364	TGAAGCTGCCAGCATGATCTG					
201	AAGCGTGCTCACGGAAAACGAGGG					
121	TCGGACCAGGCTTCATTCCTC					
121	TCGGACCAGGCTTCATTCCTC					
115	TGTGTTCTCAGGTCGCCCCTG					
101	AGGTGCAGAGGCAGATGCAAC					
92	TTCCACAGCTTTCTTGAACTG					
92	TTCCACAGCTTTCTTGAACTG					
64	TCGATAAACCTCTGCATCCAG					
64	TCGGACCAGGCTTCAATCCCT					
64	TCGGACCAGGCTTCAATCCCT					
58	TGACAGAAGAGAGTGAGCAC					
58	TGACAGAAGAGAGTGAGCAC					
58	TGACAGAAGAGAGTGAGCAC					
58	TGACAGAAGAGAGTGAGCAC					
58	TGACAGAAGAGAGTGAGCAC					
58	TGACAGAAGAGAGTGAGCAC					
58	TGACAGAAGAGAGTGAGCAC					
58	TGACAGAAGAGAGTGAGCAC					
58	TGACAGAAGAGAGTGAGCAC					
58	TGACAGAAGAGAGTGAGCAC					
56	TCAGTGCAATCCCTTTGGAAT					
50	CAGCCAAGGATGACTTGCCGG					
50	CAGCCAAGGATGACTTGCCGG					
48	CTGCACTGCCTCTTCCCTGGC					
40	CAGCCAAGGATGACTTGCCGA					
40	AATGTATGACGCTGTTGACTTTTA					
40	TTATCCGGTATTGGAGTTGA					
33	AAGCTCAGGAGGGATAGCGCC					
32	TGAAGTGTTTGGGGGAACTC					
32	TGAAGTGTTTGGGGGAACTC					
32	TGAAGTGTTTGGGGGAACTC					
32	TGAAGTGTTTGGGGGAACTC					
32	TGAAGTGTTTGGGGGAACTC					
32	TGAAGTGTTTGGGGGAACTC					
32	TGAAGTGTTTGGGGGAACTC					
32	TGAAGTGTTTGGGGGAACTC					
32	TGAAGTGTTTGGGGGAACTC					
32	TGAAGTGTTTGGGGGAACTC					
32	TGAAGTGTTTGGGGGAACTC					
32	TGAAGTGTTTGGGGGAACTC					
32	TGAAGTGTTTGGGGGAACTC					
32	TGAAGTGTTTGGGGGAACTC					
32	TGAAGTGTTTGGGGGAACTC					
30	TATTTTAGTTTCTATGGTCAC					
30	TATTTTAGTTTCTATGGTCAC					
27	GAACTGCCTTAAGGAAGTCGATGCT					
27	GAACTGCCTTAAGGAAGTCGATGCT					
27	GAACTGCCTTAAGGAAGTCGATGCT					
26	AGCTCTGATACCATGTTAGATTAG					
24	ATGGCTCTGATATCATGTTGGTTT					
22	TCATTGAGTGCAGCGTTGATG					
22	TGCAGTTGTTGTCTCAAGCTT					
22	TGCAGTTGTTGTCTCAAGCTT					
19	TGGAGAAGCAGGGCACGTGCT					
19	TGATTGAGCCGTGCCAATATC					
19	TGATTGAGCCGTGCCAATATC					
19	TGATTGAGCCGTGCCAATATC					
19	TGATTGAGCCGTGCCAATATC					
19	TGATTGAGCCGTGCCAATATC					
18	TGTTGTCTCAAGCTTGCTGCC					
18	TGTTGTCTCAAGCTTGCTGCC					
13	GATCCCGCCTTGCACCAAGTGAAT					
13	ACTAGGTTTGTTTATTTTGGGACG					
10	TCGGCCTCGTGGATGGACCAGGAG					
10	TCGGCCTCGTGGATGGACCAGGAG					
10	TCGGCCTCGTGGATGGACCAGGAG					
10	GTGGAACCTTGTTAAGGTCGGAAC					
10	GTGGAACCTTGTTAAGGTCGGAAC					
10	ATAAGTGGGTTTGTGGGCTGGCCC					
