"53,094"	TCGCTTGGTGCAGATCGGGAC					
"1,779"	TCCACAGGCTTTCTTGAACTG					
"1,779"	TCCACAGGCTTTCTTGAACTG					
"1,779"	TCCACAGGCTTTCTTGAACTG					
"1,715"	TGACAGAAGAGAGTGAGCAC					
"1,715"	TGACAGAAGAGAGTGAGCAC					
"1,715"	TGACAGAAGAGAGTGAGCAC					
"1,715"	TGACAGAAGAGAGTGAGCAC					
"1,715"	TGACAGAAGAGAGTGAGCAC					
"1,715"	TGACAGAAGAGAGTGAGCAC					
"1,715"	TGACAGAAGAGAGTGAGCAC					
"1,715"	TGACAGAAGAGAGTGAGCAC					
"1,715"	TGACAGAAGAGAGTGAGCAC					
"1,715"	TGACAGAAGAGAGTGAGCAC					
"1,391"	TTTGGATTGAAGGGAGCTCTG					
"1,391"	TTTGGATTGAAGGGAGCTCTG					
"1,001"	TGACAACGAGAGAGAGCACGC					
768	TCGGACCAGGCTTCATTCCCC					
768	TCGGACCAGGCTTCATTCCCC					
768	TCGGACCAGGCTTCATTCCCC					
768	TCGGACCAGGCTTCATTCCCC					
768	TCGGACCAGGCTTCATTCCCC					
768	TCGGACCAGGCTTCATTCCCC					
382	TTCCACAGCTTTCTTGAACTT					
373	AGAATCTTGATGATGCTGCAT					
373	AGAATCTTGATGATGCTGCAT					
318	CCCGCCTTGCACCAAGTGAAT					
295	TGATTGAGCCGTGCCAATATC					
295	TGATTGAGCCGTGCCAATATC					
295	TGATTGAGCCGTGCCAATATC					
295	TGATTGAGCCGTGCCAATATC					
295	TGATTGAGCCGTGCCAATATC					
258	TCAGTGCAATCCCTTTGGAAT					
233	TGAAGCTGCCAGCATGATCTG					
233	TGAAGCTGCCAGCATGATCTG					
233	TGAAGCTGCCAGCATGATCTG					
233	TGAAGCTGCCAGCATGATCTG					
233	TGAAGCTGCCAGCATGATCTG					
233	TGAAGCTGCCAGCATGATCTG					
233	TGAAGCTGCCAGCATGATCTG					
221	TGGAAGGGGCATGCAGAGGAG					
220	TGCAGTTGTTGTCTCAAGCTT					
220	TGCAGTTGTTGTCTCAAGCTT					
205	TGAAGCTGCCAGCATGATCTA					
205	TGAAGCTGCCAGCATGATCTA					
205	TGAAGCTGCCAGCATGATCTA					
188	TTGAGTGCAGCGTTGATGAAC					
188	TTGAGTGCAGCGTTGATGAAC					
171	AAGCTCAGGAGGGATAGCGCC					
164	AGCTCTGATACCATGTTAGATTAG					
152	TGGAGAAGCAGGGCACGTGCA					
152	TGGAGAAGCAGGGCACGTGCA					
152	TGGAGAAGCAGGGCACGTGCA					
144	TAGGATTCAATCCTTGCTGCT					
132	TCGGACCAGGCTTCAATCCCT					
132	TCGGACCAGGCTTCAATCCCT					
121	CAGCCAAGGATGACTTGCCGG					
121	CAGCCAAGGATGACTTGCCGG					
113	TCGATAAACCTCTGCATCCAG					
109	TCGGACCAGGCTTCATTCCTC					
109	TCGGACCAGGCTTCATTCCTC					
101	TGCTGAATTAGACCTAGTGGGCAT					
100	TATTTTAGTTTCTATGGTCAC					
100	TATTTTAGTTTCTATGGTCAC					
70	TAGCCAAGGATGACTTGCCTA					
70	TAGCCAAGGATGACTTGCCTA					
65	GTTGCACGGGTTTGTATGTTGCAG					
61	CTAGATTTGTTTATTTTGGGACGG					
55	TGGAAAGTTGGGAGATTGGGG					
53	AAGCGTGCTCACGGAAAACGAGGG					
52	AATGTATGACGCTGTTGACTTTTA					
51	TCGGCCTCGTGGATGGACCAG					
51	TCGGCCTCGTGGATGGACCAG					
51	TCGGCCTCGTGGATGGACCAG					
48	TTTTTTTTCTAGGACAGAGGGAGT					
43	TGTTGTCTCAAGCTTGCTGCC					
43	TGTTGTCTCAAGCTTGCTGCC					
42	ATCAGGAGAGATGACACCGAC					
42	GAAGTTGTGTGTGAACTAAACGTG					
39	TAGCCAAGAATGACTTGCCTA					
39	TAGCCAAGAATGACTTGCCTA					
34	GAACTGCCTTAAGGAAGTCGATGCT					
34	GAACTGCCTTAAGGAAGTCGATGCT					
34	GAACTGCCTTAAGGAAGTCGATGCT					
34	GGAACCTTGTTAAGGTCGGAAC					
34	GGAACCTTGTTAAGGTCGGAAC					
33	TCAGGAGAGATGACACCGAC					
30	GAAATGATCTTGGACGTAATCTAG					
29	AGGCAACTACACGTTGGGCGCTCG					
29	TCCAAAGGGATCGCATTGATC					
29	TCCAAAGGGATCGCATTGATC					
29	TGTGTTCTCAGGTCGCCCCTG					
28	ACTAGGTTTGTTTATTTTGGGACG					
27	AAAGTTAGAGAAGTTTGACTTAGG					
27	GTGGAACCTTGTTAAGGTCGGAAC					
27	GTGGAACCTTGTTAAGGTCGGAAC					
26	CAGCCAAGGATGACTTGCCGA					
24	TCGGCCTCGTGGATGGACCAGGAG					
24	TCGGCCTCGTGGATGGACCAGGAG					
24	TCGGCCTCGTGGATGGACCAGGAG					
24	GATCCCGCCTTGCACCAAGTGAAT					
23	TAGCCAAGGATGACTTGCCTG					
23	TAGCCAAGGATGACTTGCCTG					
23	TAGCCAAGGATGACTTGCCTG					
23	TAGCCAAGGATGACTTGCCTG					
23	TAGCCAAGGATGACTTGCCTG					
23	TAGCCAAGGATGACTTGCCTG					
23	TGAAGTGTTTGGGGGAACTC					
23	TGAAGTGTTTGGGGGAACTC					
23	TGAAGTGTTTGGGGGAACTC					
23	TGAAGTGTTTGGGGGAACTC					
23	TGAAGTGTTTGGGGGAACTC					
23	TGAAGTGTTTGGGGGAACTC					
23	TGAAGTGTTTGGGGGAACTC					
23	TGAAGTGTTTGGGGGAACTC					
23	TGAAGTGTTTGGGGGAACTC					
23	TGAAGTGTTTGGGGGAACTC					
23	TGAAGTGTTTGGGGGAACTC					
23	TGAAGTGTTTGGGGGAACTC					
23	TGAAGTGTTTGGGGGAACTC					
23	TGAAGTGTTTGGGGGAACTC					
23	TGAAGTGTTTGGGGGAACTC					
22	TTATCCGGTATTGGAGTTGA					
20	TGGAACGGAGGAATTTTATAG					
20	AATGCCCTATCGTATCCTAGGTTG					
19	TTGTGGCTTTCTTGCAAGTTG					
19	GTAATATACTAATCCGTGCATCCA					
19	TGTAAAATTCATTCGTTCCAA					
18	TCAACATGGTATCAGAGCTGGAAG					
18	ATGGCTCTGATATCATGTTGGTTT					
18	ACCTCAACATGGTATCAGAGCTGG					
17	TGCAGTTGCTGCCTCAAGCTT					
17	TGCAGTTGCTGCCTCAAGCTT					
17	TGCAGTTGCTGCCTCAAGCTT					
15	ATTAGACCTAGTGGGCATTTATAC					
14	TGGAGAAGCAGGGCACGTGCT					
13	AGATTGCTTTCAAGGTCATTTCTT					
13	AGATTGCTTTCAAGGTCATTTCTT					
13	AGATTGCTTTCAAGGTCATTTCTT					
13	AGATTGCTTTCAAGGTCATTTCTT					
13	AGATTGCTTTCAAGGTCATTTCTT					
13	AGATTGCTTTCAAGGTCATTTCTT					
13	AGATTGCTTTCAAGGTCATTTCTT					
13	AGATTGCTTTCAAGGTCATTTCTT					
13	AGATTGCTTTCAAGGTCATTTCTT					
13	AAGTTTGGACTTAAATTTGGTAAC					
13	TAAGATAATGCCATGAATTTG					
13	ATGTGAACAGTGTCAAACAGTGTC					
12	TACATGTATAAAATTCTGAGGATG					
11	AGAAGTTTGACTTAGGACAAAACT					
11	ATAAGTGGGTTTGTGGGCTGGCCC					
