"37,709"	TCGCTTGGTGCAGATCGGGAC					
"13,150"	TCCACAGGCTTTCTTGAACTG					
"13,150"	TCCACAGGCTTTCTTGAACTG					
"13,150"	TCCACAGGCTTTCTTGAACTG					
"11,569"	TTTGGATTGAAGGGAGCTCTG					
"11,569"	TTTGGATTGAAGGGAGCTCTG					
"5,750"	TGACAGAAGAGAGTGAGCAC					
"5,750"	TGACAGAAGAGAGTGAGCAC					
"5,750"	TGACAGAAGAGAGTGAGCAC					
"5,750"	TGACAGAAGAGAGTGAGCAC					
"5,750"	TGACAGAAGAGAGTGAGCAC					
"5,750"	TGACAGAAGAGAGTGAGCAC					
"5,750"	TGACAGAAGAGAGTGAGCAC					
"5,750"	TGACAGAAGAGAGTGAGCAC					
"5,750"	TGACAGAAGAGAGTGAGCAC					
"5,750"	TGACAGAAGAGAGTGAGCAC					
"1,716"	TCGGACCAGGCTTCATTCCCC					
"1,716"	TCGGACCAGGCTTCATTCCCC					
"1,716"	TCGGACCAGGCTTCATTCCCC					
"1,716"	TCGGACCAGGCTTCATTCCCC					
"1,716"	TCGGACCAGGCTTCATTCCCC					
"1,716"	TCGGACCAGGCTTCATTCCCC					
"1,428"	TTCCACAGCTTTCTTGAACTT					
"1,428"	TCAGTGCAATCCCTTTGGAAT					
"1,065"	TGAAGCTGCCAGCATGATCTA					
"1,065"	TGAAGCTGCCAGCATGATCTA					
"1,065"	TGAAGCTGCCAGCATGATCTA					
705	TCCAAAGGGATCGCATTGATC					
705	TCCAAAGGGATCGCATTGATC					
653	TGGAAGGGGCATGCAGAGGAG					
587	TTGAGTGCAGCGTTGATGAAC					
587	TTGAGTGCAGCGTTGATGAAC					
553	TGGAGAAGCAGGGCACGTGCA					
553	TGGAGAAGCAGGGCACGTGCA					
553	TGGAGAAGCAGGGCACGTGCA					
495	CAGCCAAGGATGACTTGCCGG					
495	CAGCCAAGGATGACTTGCCGG					
478	TGACAACGAGAGAGAGCACGC					
415	AGAATCTTGATGATGCTGCAT					
415	AGAATCTTGATGATGCTGCAT					
356	TAGCCAAGGATGACTTGCCTA					
356	TAGCCAAGGATGACTTGCCTA					
355	AGCTCTGATACCATGTTAGATTAG					
308	AAGCGTGCTCACGGAAAACGAGGG					
299	GAACTGCCTTAAGGAAGTCGATGCT					
299	GAACTGCCTTAAGGAAGTCGATGCT					
299	GAACTGCCTTAAGGAAGTCGATGCT					
246	TCGATAAACCTCTGCATCCAG					
224	AATGTATGACGCTGTTGACTTTTA					
220	TGAAGCTGCCAGCATGATCTG					
220	TGAAGCTGCCAGCATGATCTG					
220	TGAAGCTGCCAGCATGATCTG					
220	TGAAGCTGCCAGCATGATCTG					
220	TGAAGCTGCCAGCATGATCTG					
220	TGAAGCTGCCAGCATGATCTG					
220	TGAAGCTGCCAGCATGATCTG					
210	TGCAGTTGTTGTCTCAAGCTT					
210	TGCAGTTGTTGTCTCAAGCTT					
183	TAGCCAAGGATGACTTGCCTG					
183	TAGCCAAGGATGACTTGCCTG					
183	TAGCCAAGGATGACTTGCCTG					
183	TAGCCAAGGATGACTTGCCTG					
183	TAGCCAAGGATGACTTGCCTG					
183	TAGCCAAGGATGACTTGCCTG					
183	TCGGACCAGGCTTCATTCCTC					
183	TCGGACCAGGCTTCATTCCTC					
164	TAGCCAAGAATGACTTGCCTA					
164	TAGCCAAGAATGACTTGCCTA					
160	GTTGCACGGGTTTGTATGTTGCAG					
150	TCGGACCAGGCTTCAATCCCT					
150	TCGGACCAGGCTTCAATCCCT					
143	GAAATGATCTTGGACGTAATCTAG					
118	TTTTTTTTCTAGGACAGAGGGAGT					
114	GAAGTTGTGTGTGAACTAAACGTG					
110	TGATTGAGCCGTGCCAATATC					
110	TGATTGAGCCGTGCCAATATC					
110	TGATTGAGCCGTGCCAATATC					
110	TGATTGAGCCGTGCCAATATC					
110	TGATTGAGCCGTGCCAATATC					
101	ATGGCTCTGATATCATGTTGGTTT					
100	GTGGAACCTTGTTAAGGTCGGAAC					
100	GTGGAACCTTGTTAAGGTCGGAAC					
100	TGTTGTCTCAAGCTTGCTGCC					
100	TGTTGTCTCAAGCTTGCTGCC					
94	AAAGTTAGAGAAGTTTGACTTAGG					
91	TAGGATTCAATCCTTGCTGCT					
91	TTGTGGCTTTCTTGCAAGTTG					
89	GGAACCTTGTTAAGGTCGGAAC					
89	GGAACCTTGTTAAGGTCGGAAC					
83	AAGTTTGGACTTAAATTTGGTAAC					
82	CCCGCCTTGCACCAAGTGAAT					
70	TATGCGTAAGACGGATTCGTA					
64	AATGCCCTATCGTATCCTAGGTTG					
63	TTATCCGGTATTGGAGTTGA					
60	ACTAGGTTTGTTTATTTTGGGACG					
59	TGCTGAATTAGACCTAGTGGGCAT					
53	GATCCCGCCTTGCACCAAGTGAAT					
52	CAGCCAAGGATGACTTGCCGA					
50	GTAATATACTAATCCGTGCATCCA					
47	AGATTGCTTTCAAGGTCATTTCTT					
47	AGATTGCTTTCAAGGTCATTTCTT					
47	AGATTGCTTTCAAGGTCATTTCTT					
47	AGATTGCTTTCAAGGTCATTTCTT					
47	AGATTGCTTTCAAGGTCATTTCTT					
47	AGATTGCTTTCAAGGTCATTTCTT					
47	AGATTGCTTTCAAGGTCATTTCTT					
47	AGATTGCTTTCAAGGTCATTTCTT					
47	AGATTGCTTTCAAGGTCATTTCTT					
46	TCGGCCTCGTGGATGGACCAGGAG					
46	TCGGCCTCGTGGATGGACCAGGAG					
46	TCGGCCTCGTGGATGGACCAGGAG					
46	CTAGATTTGTTTATTTTGGGACGG					
44	TACATGTATAAAATTCTGAGGATG					
44	TGAAGTGTTTGGGGGAACTC					
44	TGAAGTGTTTGGGGGAACTC					
44	TGAAGTGTTTGGGGGAACTC					
44	TGAAGTGTTTGGGGGAACTC					
44	TGAAGTGTTTGGGGGAACTC					
44	TGAAGTGTTTGGGGGAACTC					
44	TGAAGTGTTTGGGGGAACTC					
44	TGAAGTGTTTGGGGGAACTC					
44	TGAAGTGTTTGGGGGAACTC					
44	TGAAGTGTTTGGGGGAACTC					
44	TGAAGTGTTTGGGGGAACTC					
44	TGAAGTGTTTGGGGGAACTC					
44	TGAAGTGTTTGGGGGAACTC					
44	TGAAGTGTTTGGGGGAACTC					
44	TGAAGTGTTTGGGGGAACTC					
41	AGAAGTTTGACTTAGGACAAAACT					
36	ATTAGACCTAGTGGGCATTTATAC					
33	TGCCTGGCTCCCTGTATGCCA					
33	TGCCTGGCTCCCTGTATGCCA					
33	TGCCTGGCTCCCTGTATGCCA					
33	TGCCTGGCTCCCTGTATGCCA					
32	TGGAAAGTTGGGAGATTGGGG					
32	TGCCTGGCTCCCTGAATGCCA					
32	CTGCACTGCCTCTTCCCTGGC					
32	TCAACATGGTATCAGAGCTGGAAG					
28	ATAAGTGGGTTTGTGGGCTGGCCC					
26	TAGGGAACCCCATTCCCATAAA					
26	AAGCTCAGGAGGGATAGCGCC					
25	TTTAGGGCTAATTCAGCATGAACA					
25	TGCCTGGCTCCCTGTATGCCG					
24	TATTTTAGTTTCTATGGTCAC					
24	TATTTTAGTTTCTATGGTCAC					
23	TGCAGTTGCTGCCTCAAGCTT					
23	TGCAGTTGCTGCCTCAAGCTT					
23	TGCAGTTGCTGCCTCAAGCTT					
22	TCAGGAGAGATGACACCGAC					
21	ACTTAATCTGGACACTATAAAAGA					
20	AGGCAACTACACGTTGGGCGCTCG					
19	TGTGTTCTCAGGTCGCCCCTG					
18	AGTGTCTCCTGATGATCGGGACAA					
18	TCGGCCTCGTGGATGGACCAG					
18	TCGGCCTCGTGGATGGACCAG					
18	TCGGCCTCGTGGATGGACCAG					
17	TGGAGAAGCAGGGCACGTGAG					
16	TGGAGAAGCAGGGCACGTGCT					
15	TGTAAAATTCATTCGTTCCAA					
15	TCATTGAGTGCAGCGTTGATG					
13	ACCTCAACATGGTATCAGAGCTGG					
12	ACCTGTGACGGGCCGAGAATGGAA					
12	ACCTGTGACGGGCCGAGAATGGAA					
12	AGCGCCCAAGCGGTAGTTGTCTCC					
12	TGCCAAAGGAGAGTTGCCCTG					
11	ACGAGGTTGGTTTATTTTGGGACG					
11	ACGAGGTTGGTTTATTTTGGGACG					
11	ACGAGGTTGGTTTATTTTGGGACG					
10	TTCCACAGCTTTCTTGAACTG					
10	TTCCACAGCTTTCTTGAACTG					
10	ATGTGAACAGTGTCAAACAGTGTC					
10	ATCAGGAGAGATGACACCGAC					